INSERT INTO noku8098.Zaidimas (Nr, Pavadinimas, Zanras, Metai, Akcija, Verte) VALUES (1, 'The Legend of Zelda: Breath of the Wild', 'Action', 2017, 20, 59.99);
INSERT INTO noku8098.Zaidimas (Nr, Pavadinimas, Zanras, Metai, Akcija, Verte) VALUES (2, 'Super Mario Odyssey', 'Action', 2017, 15, 49.99);
INSERT INTO noku8098.Zaidimas (Nr, Pavadinimas, Zanras, Metai, Akcija, Verte) VALUES (3, 'Red Dead Redemption 2', 'Adventure', 2018, 10, 59.99);
INSERT INTO noku8098.Zaidimas (Nr, Pavadinimas, Zanras, Metai, Akcija, Verte) VALUES (4, 'Grand Theft Auto V', 'Adventure', 2013, 25, 39.99);
INSERT INTO noku8098.Zaidimas (Nr, Pavadinimas, Zanras, Metai, Akcija, Verte) VALUES (5, 'The Witcher 3: Wild Hunt', 'Roleplay', 2015, 0, 29.99);

INSERT INTO noku8098.Kompanija (NR, Vardas, Salis) VALUES (1, 'Nintendo', 1);
INSERT INTO noku8098.Kompanija (NR, Vardas, Salis) VALUES (2, 'Rockstar Games', 2);
INSERT INTO noku8098.Kompanija (NR, Vardas, Salis) VALUES (3, 'CD Projekt Red', 3);

INSERT INTO noku8098.Salis (Salies_ID, Salis) VALUES (1, 'Japonija');
INSERT INTO noku8098.Salis (Salies_ID, Salis) VALUES (2, 'JAV');
INSERT INTO noku8098.Salis (Salies_ID, Salis) VALUES (3, 'Lenkija');

INSERT INTO noku8098.Biblioteka (ID, Zaidimas, Kaina, Vartotojas, Nusipirkta) VALUES (1, 1, 59.99, 1, 2020);
INSERT INTO noku8098.Biblioteka (ID, Zaidimas, Kaina, Vartotojas, Nusipirkta) VALUES (2, 2, 49.99, 1, 2020);
INSERT INTO noku8098.Biblioteka (ID, Zaidimas, Kaina, Vartotojas, Nusipirkta) VALUES (3, 3, 59.99, 2, 2016);
INSERT INTO noku8098.Biblioteka (ID, Zaidimas, Kaina, Vartotojas, Nusipirkta) VALUES (4, 4, 39.99, 2, 2015);

INSERT INTO noku8098.Vartotojas (ID, Slapyvardis, Slaptazodis) VALUES (1, 'JohnDoe', 'password123');
INSERT INTO noku8098.Vartotojas (ID, Slapyvardis, Slaptazodis) VALUES (2, 'JaneDoe', 'letmein');
INSERT INTO noku8098.Vartotojas (ID, Slapyvardis, Slaptazodis) VALUES (3, 'BobSmith', 'qwerty');
INSERT INTO noku8098.Vartotojas (ID, Slapyvardis, Slaptazodis) VALUES (4, 'AliceJohnson', 'secret');
INSERT INTO noku8098.Vartotojas (ID, Slapyvardis, Slaptazodis) VALUES (5, 'MikeBrown', '123456');
